feature,present,Severity,n
Crossing,0,1,47523
Crossing,0,2,5265846
Crossing,0,3,1247811
Crossing,0,4,188347
Crossing,1,1,18047
Crossing,1,2,782545
Crossing,1,3,47424
Crossing,1,4,13156
Junction,0,1,62599
Junction,0,2,5643051
Junction,0,3,1163255
Junction,0,4,181296
Junction,1,1,2971
Junction,1,2,405340
Junction,1,3,131980
Junction,1,4,20207
Railway,0,1,64530
Railway,0,2,5993567
Railway,0,3,1286686
Railway,0,4,199995
Railway,1,1,1040
Railway,1,2,54824
Railway,1,3,8549
Railway,1,4,1508
Stop,0,1,62981
Stop,0,2,5852991
Stop,0,3,1287678
Stop,0,4,195929
Stop,1,1,2589
Stop,1,2,195400
Stop,1,3,7557
Stop,1,4,5574
Traffic_Signal,0,1,40120
Traffic_Signal,0,2,5053472
Traffic_Signal,0,3,1207584
Traffic_Signal,0,4,181860
Traffic_Signal,1,1,25450
Traffic_Signal,1,2,994919
Traffic_Signal,1,3,87651
Traffic_Signal,1,4,19643
