column,dtype,role,missing %,distinct
ID,string,identifier,0.0,7610699
Source,string,label_process,0.0,3
Severity,int8,target,0.0,4
Start_Time,datetime64[ns],eda_only,0.0,5801064
End_Time,datetime64[ns],leakage_post_event,0.0,6463005
Duration_min,float32,leakage_post_event,0.048,73766
Duration_invalid,Int8,quality_flag,0.0,2
Start_Year,int16,label_process,0.0,8
Start_Month,Int8,label_process,0.0,12
Start_DayOfWeek,Int8,feature,0.0,7
Start_Hour,Int8,feature,0.0,24
Is_Weekend,Int8,feature,0.0,2
Is_Holiday,Int8,feature,0.0,2
Is_Rush_Hour,Int8,feature,0.0,2
Before_Coverage,Int8,quality_flag,0.0,2
Weather_Period,string,label_process,0.0,2
Start_Lat,float32,feature,0.0,1900527
Start_Lng,float32,feature,0.0,1750819
End_Lat,float32,leakage_post_event,44.681,1286002
End_Lng,float32,leakage_post_event,44.681,1203362
Distance(mi),float32,leakage_post_event,0.0,20674
Description,string,leakage_post_event,0.001,3761426
Street,string,eda_only,0.14,249364
Road_Type,string,feature,0.0,5
State,string,feature,0.0,49
Region,string,feature,0.0,4
County,string,eda_only,0.0,1847
City,string,eda_only,0.003,13622
Zipcode,string,eda_only,0.025,825094
Zip5,string,eda_only,0.025,24236
Timezone,string,feature,0.0,4
Timezone_was_filled,Int8,quality_flag,0.0,2
Airport_Code,string,eda_only,0.293,2045
Weather_Timestamp,datetime64[ns],eda_only,1.54,941331
Weather_Lag_min,float32,quality_flag,1.54,41119
Weather_Stale,Int8,quality_flag,0.0,2
Temperature(F),float32,feature,2.105,842
Humidity(%),float32,feature,2.235,100
Pressure(in),float32,feature,1.807,1115
Visibility(mi),float32,feature,2.276,85
Wind_Speed(mph),float32,feature,7.44,155
Precipitation(in),float32,feature,28.812,295
Temperature(F)_was_invalid,Int8,quality_flag,0.0,2
Humidity(%)_was_invalid,Int8,quality_flag,0.0,1
Pressure(in)_was_invalid,Int8,quality_flag,0.0,2
Visibility(mi)_was_invalid,Int8,quality_flag,0.0,2
Wind_Speed(mph)_was_invalid,Int8,quality_flag,0.0,2
Precipitation(in)_was_invalid,Int8,quality_flag,0.0,2
Wind_Chill(F),float32,eda_only,26.148,992
Wind_Chill(F)_was_invalid,Int8,quality_flag,0.0,2
Wind_Direction,string,feature,2.245,18
Weather_Condition,string,eda_only,2.229,141
Weather_Group,string,feature,2.229,8
Weather_Windy,Int8,feature,0.0,2
Weather_All_Missing,Int8,quality_flag,0.0,2
Amenity,Int8,feature,0.0,2
Bump,Int8,feature,0.0,2
Crossing,Int8,feature,0.0,2
Give_Way,Int8,feature,0.0,2
Junction,Int8,feature,0.0,2
No_Exit,Int8,feature,0.0,2
Railway,Int8,feature,0.0,2
Roundabout,Int8,feature,0.0,2
Station,Int8,feature,0.0,2
Stop,Int8,feature,0.0,2
Traffic_Calming,Int8,feature,0.0,2
Traffic_Signal,Int8,feature,0.0,2
Sunrise_Sunset,string,feature,0.0,2
Sunrise_Sunset_filled,Int8,quality_flag,0.0,2
Civil_Twilight,string,eda_only,0.299,2
Nautical_Twilight,string,eda_only,0.299,2
Astronomical_Twilight,string,eda_only,0.299,2
Event_Key,uint64,quality_flag,0.0,7000229
Same_Event_Repeat,int8,quality_flag,0.0,2
Dup_Group_Size,int32,quality_flag,0.0,34
Dup_Source_Count,int8,quality_flag,0.0,2
Dup_Severity_Conflict,int8,quality_flag,0.0,2
Split,str,split,0.0,2
Split_Time,str,split,0.0,2
