Start_Hour,severe_share,n
20,0.21908758593096425,219944
19,0.21765302811699652,289718
4,0.21745373324824505,156700
18,0.21434893772876573,425927
21,0.2100307579798675,185968
9,0.20904220008166144,360023
22,0.20650852894907307,162095
10,0.20280350172790373,339718
5,0.20252832820294142,225129
6,0.20209867397216685,402254
17,0.2007710005444423,569390
11,0.1973903126448681,351613
12,0.19633768928082573,349943
16,0.1952861250473717,575238
8,0.19041402006651653,573692
13,0.19004767412338852,389939
7,0.18888405161184166,583432
15,0.1872507119762302,518978
14,0.18366613228899809,442259
3,0.18229964983114633,80247
0,0.16483259627700853,106957
2,0.16429528991629772,88767
23,0.16006678403464836,120987
1,0.14833135398394004,91781
