State,severe_share,n
RI,0.4638300397602516,16851
GA,0.44370151481412384,166159
KY,0.42817817817817816,31968
WI,0.3763422187490955,34551
CO,0.37271003012384246,89630
MO,0.3704645887150706,76261
IL,0.3679623226421843,167740
IA,0.34744418217699186,25843
NM,0.3333985138834572,10228
VT,0.33153347732181426,926
IN,0.32502389658468495,65909
WA,0.3159289640434129,107157
OH,0.3150234061239629,117277
MA,0.3083327912573993,61492
MI,0.29849632476400134,160806
KS,0.2973156973351488,20564
CT,0.29475493665766245,69227
MS,0.29457831325301204,14940
SD,0.2677165354330709,254
MD,0.2611927764511724,136941
NY,0.23498027616317607,339437
AL,0.23404618302608207,99647
VA,0.23288464516824123,297014
NH,0.2264948859166011,10168
TX,0.22061072928995107,577932
NV,0.2043480280577879,21527
WY,0.19961453744493393,3632
NJ,0.196162653326138,137126
TN,0.193295413288152,165260
UT,0.17270029673590503,96045
CA,0.16594363182720331,1716607
NE,0.1639218956292127,28782
MN,0.16324578279956206,188158
ME,0.1618905842947525,2687
PA,0.15966935555968173,290826
AR,0.15739361942150626,22161
DE,0.15734240428457696,13817
AZ,0.1354989511537309,166850
FL,0.13468190557918133,866991
LA,0.1317197157089219,146751
NC,0.11961017280534207,332455
SC,0.11951818777930809,379733
DC,0.10488631394840402,18296
WV,0.09895330710414965,13471
OR,0.08723223306069099,175199
OK,0.08717205704501095,83513
ID,0.0700731278348607,10803
MT,0.021539014742898238,27810
ND,0.009459871833994507,3277
